event_index,event_start,event_end,event_duration_ms,window_start,window_end,event_truncated_by_window,predicted_active_bins,predicted_class,predicted_name,confidence,inference_latency_ms,decision_sample,score_0_left,score_1_right,score_2_up,score_3_down,score_4_press,matched,truth_index,split,trial_num,true_class,true_name,class_correct,event_iou,onset_error_ms,offset_error_ms,decision_latency_from_true_end_ms
0,71022,106720,1189.9333333333334,73870,103870,1,198,4,thumb press,0.28150999546051025,158.3610000088811,106720,0.1911648064851761,0.18206332623958588,0.19891999661922455,0.14634187519550323,0.28150999546051025,1,0,train,2,0,thumb left,0,0.1646590845425514,-965.0666666666667,28.933333333333334,28.933333333333334
1,136334,162144,860.3333333333334,134238,164238,0,173,2,thumb up,0.4233761727809906,171.74510000040755,164238,0.12012000381946564,0.15984396636486053,0.4233761727809906,0.16063471138477325,0.13602514564990997,0,,false_detection,,,,0,0.0,,,
2,196404,202588,206.13333333333333,184495,214495,0,41,2,thumb up,0.42791834473609924,163.4240000275895,214495,0.12290971726179123,0.16498413681983948,0.42791834473609924,0.15513542294502258,0.12905241549015045,1,1,train,3,0,thumb left,0,0.8873622225577533,14.633333333333333,10.233333333333333,407.1333333333333
3,269488,282585,436.56666666666666,261036,291036,0,87,0,thumb left,0.3044276535511017,163.23830001056194,291036,0.3044276535511017,0.15812690556049347,0.12817512452602386,0.26778948307037354,0.14148089289665222,1,2,train,4,0,thumb left,1,0.6296861876765671,-68.8,92.86666666666666,374.56666666666666
4,353465,363545,336.0,343504,373504,0,67,0,thumb left,0.28026947379112244,145.17659996636212,373504,0.28026947379112244,0.1630912721157074,0.1476653665304184,0.2524608373641968,0.15651299059391022,1,3,train,5,0,thumb left,1,0.7622023809523809,-1.5333333333333334,78.36666666666666,410.3333333333333
5,378883,392129,441.53333333333336,370505,400505,0,89,2,thumb up,0.39054426550865173,165.03329999977723,400505,0.13060660660266876,0.16917726397514343,0.39054426550865173,0.16403794288635254,0.1456339955329895,0,,false_detection,,,,0,0.0,,,
6,421879,443543,722.1333333333333,417710,447710,0,145,4,thumb press,0.3944445848464966,136.1388000077568,447710,0.21107307076454163,0.16329523921012878,0.1161441057920456,0.11504298448562622,0.3944445848464966,1,4,val,7,0,thumb left,0,0.4922913589364845,-354.6333333333333,12.0,150.9
7,514355,524534,339.3,504444,534444,0,67,0,thumb left,0.2980816960334778,157.38720004446805,534444,0.2980816960334778,0.16158439218997955,0.14574436843395233,0.24303387105464935,0.15155570209026337,1,5,test,8,0,thumb left,1,0.9356182541185382,12.766666666666667,9.9,340.23333333333335
8,599743,610489,358.2,590115,620115,0,71,3,thumb down,0.30821526050567627,157.0376000017859,620115,0.28136536478996277,0.17060747742652893,0.11271215230226517,0.30821526050567627,0.12709973752498627,1,6,train,9,0,thumb left,0,0.9004509191814083,26.2,12.066666666666666,332.93333333333334
9,676808,692053,508.1666666666667,669430,699430,0,101,4,thumb press,0.3173961043357849,143.06519995443523,699430,0.21751120686531067,0.17568375170230865,0.15201127529144287,0.1373976767063141,0.3173961043357849,1,7,train,11,0,thumb left,0,0.5161692358150213,-70.73333333333333,175.13333333333333,421.03333333333336
10,730875,773488,1420.4333333333334,737181,767181,1,198,4,thumb press,0.3286919593811035,147.1546000102535,773488,0.2073727250099182,0.17120912671089172,0.1580882966518402,0.13463786244392395,0.3286919593811035,1,8,train,12,0,thumb left,0,0.1603735949123507,-0.8333333333333334,1191.8,1191.8
11,870738,882368,387.6666666666667,861552,891552,0,77,0,thumb left,0.2850503623485565,172.2271000035107,891552,0.2850503623485565,0.16319355368614197,0.17235282063484192,0.22461386024951935,0.15478931367397308,1,9,train,1,1,thumb right,0,0.9377079174983367,13.133333333333333,11.833333333333334,317.96666666666664
12,942563,961316,625.1,936939,966939,0,125,2,thumb up,0.42929965257644653,147.0160000026226,966939,0.11859989166259766,0.15562349557876587,0.42929965257644653,0.1617249995470047,0.13475196063518524,1,10,train,2,1,thumb right,0,0.3996693862315363,-346.73333333333335,28.533333333333335,215.96666666666667
13,972552,996213,788.7,969382,999382,0,157,2,thumb up,0.40297067165374756,150.49090003594756,999382,0.129131019115448,0.16161315143108368,0.40297067165374756,0.1661275327205658,0.14015762507915497,0,,false_detection,,,,0,0.0,,,
14,1007174,1015344,272.3333333333333,996258,1026258,0,55,2,thumb up,0.3912569284439087,155.26019997196272,1026258,0.12642496824264526,0.1646880805492401,0.3912569284439087,0.16988247632980347,0.14774751663208008,0,,false_detection,,,,0,0.0,,,
15,1030220,1040894,355.8,1020556,1050556,0,71,0,thumb left,0.2925153076648712,161.8424000334926,1050556,0.2925153076648712,0.15704524517059326,0.13901834189891815,0.2629072666168213,0.14851374924182892,1,11,train,3,1,thumb right,0,0.9325497287522604,12.866666666666667,12.0,334.06666666666666
16,1110637,1123322,422.8333333333333,1101979,1131979,0,85,0,thumb left,0.2828013598918915,170.77620001509786,1131979,0.2828013598918915,0.16613881289958954,0.1593770980834961,0.23514597117900848,0.15653680264949799,1,12,val,4,1,thumb right,0,0.9423723631916845,13.3,11.833333333333334,300.4
17,1193548,1204221,355.76666666666665,1183884,1213884,0,71,2,thumb up,0.3234913647174835,149.74520000396296,1213884,0.1639528125524521,0.17214645445346832,0.3234913647174835,0.18415725231170654,0.15625202655792236,1,13,test,5,1,thumb right,0,0.8974871750282584,27.6,11.7,333.8
18,1273067,1285779,423.73333333333335,1264422,1294422,0,85,0,thumb left,0.25189462304115295,157.070700020995,1294422,0.25189462304115295,0.15945422649383545,0.21805939078330994,0.20995131134986877,0.16064046323299408,1,14,train,6,1,thumb right,0,0.6825833857772183,-5.6,128.9,417.0
19,1312084,1332283,673.3,1307183,1337183,0,135,4,thumb press,0.3288571834564209,165.02190002938733,1337183,0.19255174696445465,0.1795317530632019,0.1606585681438446,0.13840074837207794,0.3288571834564209,0,,false_detection,,,,0,0.0,,,
20,1355475,1402235,1558.6666666666667,1363854,1393854,1,198,2,thumb up,0.4146997630596161,180.2270000334829,1402235,0.12254772335290909,0.16487374901771545,0.4146997630596161,0.16388531029224396,0.13399352133274078,1,15,train,7,1,thumb right,0,0.1593028229255774,-554.7666666666667,755.6,755.6
21,1434530,1444582,335.06666666666666,1424555,1454555,0,67,2,thumb up,0.2944834530353546,163.47739996854216,1454555,0.1873065084218979,0.16531293094158173,0.2944834530353546,0.19091609120368958,0.16198104619979858,1,16,train,8,1,thumb right,0,0.9250500619815009,14.5,11.7,344.1333333333333
22,1515908,1544782,962.4666666666667,1515344,1545344,0,193,2,thumb up,0.324921190738678,168.13840001123026,1545344,0.1816863715648651,0.16112996637821198,0.324921190738678,0.18038438260555267,0.15187805891036987,1,17,train,9,1,thumb right,0,0.265281006426911,12.6,703.8,722.5333333333333
23,1595492,1605579,336.23333333333335,1585535,1615535,0,67,2,thumb up,0.4302692711353302,178.40069998055696,1615535,0.11775393784046173,0.16003043949604034,0.4302692711353302,0.16042423248291016,0.1315220296382904,1,18,train,10,1,thumb right,0,0.7813745965445225,14.9,61.86666666666667,393.73333333333335
24,1668898,1674540,188.06666666666666,1656718,1686718,0,37,2,thumb up,0.4501574635505676,172.128000005614,1686718,0.11120792478322983,0.15532444417476654,0.4501574635505676,0.1586271971464157,0.12468288838863373,0,,false_detection,,,,0,0.0,,,
25,1713376,1723058,322.73333333333335,1703216,1733216,0,65,0,thumb left,0.2887555956840515,160.83310003159568,1733216,0.2887555956840515,0.16083043813705444,0.13388194143772125,0.2723332345485687,0.14419876039028168,1,19,train,1,2,thumb up,0,0.9234831124838099,11.833333333333334,13.766666666666667,352.3666666666667
26,1787352,1798057,356.8333333333333,1777704,1807704,0,71,0,thumb left,0.2858287990093231,156.03910002391785,1807704,0.2858287990093231,0.1611156165599823,0.13580818474292755,0.2664300501346588,0.1508173793554306,1,20,train,2,2,thumb up,0,0.5960688846812731,12.866666666666667,136.46666666666667,458.03333333333336
27,1869834,1884536,490.06666666666666,1862184,1892184,0,99,3,thumb down,0.2963343858718872,156.98070003418252,1892184,0.2911379039287567,0.167049840092659,0.11555732041597366,0.2963343858718872,0.12992049753665924,1,21,train,3,2,thumb up,0,0.5129914297374507,-75.9,162.76666666666668,417.7
28,1951758,1960582,294.1333333333333,1941169,1971169,0,59,0,thumb left,0.2878582775592804,151.6099000000395,1971169,0.2878582775592804,0.16426464915275574,0.1625850945711136,0.22857138514518738,0.15672053396701813,1,22,val,4,2,thumb up,0,0.9153526970954357,26.033333333333335,-1.1666666666666667,351.73333333333335
29,2028334,2037098,292.1333333333333,2017715,2047715,0,59,0,thumb left,0.2567966878414154,149.51259997906163,2047715,0.2567966878414154,0.1722574383020401,0.18881602585315704,0.21924643218517303,0.16288349032402039,1,23,test,5,2,thumb up,0,0.9127265153093106,26.833333333333332,-1.1,352.8
30,2083849,2122092,1274.7666666666667,2087970,2117970,1,198,4,thumb press,0.4928227365016937,129.54660004470497,2122092,0.16618680953979492,0.14702396094799042,0.08881691843271255,0.10514957457780838,0.4928227365016937,1,24,train,6,2,thumb up,0,0.26519885992207726,-936.1333333333333,0.5666666666666667,0.5666666666666667
31,2145804,2152389,219.5,2134096,2164096,0,43,2,thumb up,0.3934949040412903,146.23890002258122,2164096,0.1337229311466217,0.16504943370819092,0.3934949040412903,0.1665623039007187,0.14117035269737244,0,,false_detection,,,,0,0.0,,,
32,2187323,2196013,289.6666666666667,2176667,2206667,0,57,2,thumb up,0.38418155908584595,148.4323000186123,2206667,0.12921512126922607,0.17011627554893494,0.38418155908584595,0.16818971931934357,0.14829730987548828,1,25,train,7,2,thumb up,1,0.8330264672036823,-37.233333333333334,11.133333333333333,366.26666666666665
33,2263270,2271039,258.96666666666664,2252154,2282154,0,51,3,thumb down,0.29099124670028687,152.631500037387,2282154,0.2889924645423889,0.16457520425319672,0.11866065859794617,0.29099124670028687,0.13678036630153656,1,26,train,8,2,thumb up,0,0.801837134895242,45.93333333333333,-18.066666666666666,352.43333333333334
34,2356263,2365855,319.73333333333335,2346058,2376058,0,63,2,thumb up,0.325838178396225,145.88690001983196,2376058,0.16266895830631256,0.17535260319709778,0.325838178396225,0.1778532713651657,0.15828698873519897,1,27,train,9,2,thumb up,1,0.8898712281376129,27.133333333333333,11.066666666666666,351.1666666666667
35,2437310,2446335,300.8333333333333,2426822,2456822,0,61,2,thumb up,0.39106255769729614,150.8717000251636,2456822,0.13157178461551666,0.16770918667316437,0.39106255769729614,0.16566775739192963,0.14398865401744843,1,28,train,10,2,thumb up,1,0.9206585236325013,13.0,11.9,361.46666666666664
36,2478167,2487445,309.26666666666665,2467805,2497805,0,61,4,thumb press,0.3783285617828369,141.26020000549033,2497805,0.20496906340122223,0.16848666965961456,0.12351711839437485,0.12469852715730667,0.3783285617828369,0,,false_detection,,,,0,0.0,,,
37,2551129,2558909,259.3333333333333,2540018,2570018,0,51,0,thumb left,0.2975454032421112,148.20930000860244,2570018,0.2975454032421112,0.15764904022216797,0.12897324562072754,0.2684021294116974,0.1474302113056183,1,29,train,1,3,thumb down,0,0.8486964110395986,28.333333333333332,-17.9,352.4
38,2631033,2638294,242.03333333333333,2619663,2649663,0,49,0,thumb left,0.24456077814102173,162.98150003422052,2649663,0.24456077814102173,0.16932222247123718,0.2015928030014038,0.21286587417125702,0.17165827751159668,1,30,train,2,3,thumb down,0,0.7923395896988215,60.3,-3.1333333333333333,375.8333333333333
39,2712171,2721348,305.9,2701759,2731759,0,61,2,thumb up,0.43747255206108093,143.8579999958165,2731759,0.11738629639148712,0.16119752824306488,0.43747255206108093,0.15486060082912445,0.1290830373764038,1,31,train,3,3,thumb down,0,0.89601640304628,14.933333333333334,-20.566666666666666,326.46666666666664
40,2792043,2802715,355.73333333333335,2782378,2812378,0,71,2,thumb up,0.40638047456741333,145.6322000012733,2812378,0.12895116209983826,0.16185855865478516,0.40638047456741333,0.16346102952957153,0.1393488049507141,1,32,val,4,3,thumb down,0,0.8954305037717853,28.7,11.5,333.6
41,2873999,2884213,340.46666666666664,2864105,2894105,0,69,2,thumb up,0.4219686985015869,132.18869996489957,2894105,0.1223674863576889,0.16248257458209991,0.4219686985015869,0.16132137179374695,0.13185977935791016,1,33,test,5,3,thumb down,0,0.858045529299749,44.63333333333333,10.033333333333333,339.76666666666665
42,2951098,2960636,317.93333333333334,2940866,2970866,0,63,2,thumb up,0.42110157012939453,142.29380001779646,2970866,0.1236419528722763,0.1652090698480606,0.42110157012939453,0.1580296754837036,0.13201776146888733,1,34,train,6,3,thumb down,0,0.9192807192807193,15.733333333333333,11.2,352.2
43,3034482,3042633,271.7,3023557,3053557,0,55,2,thumb up,0.3797154724597931,146.23970002867281,3053557,0.13660919666290283,0.16117089986801147,0.3797154724597931,0.17506279051303864,0.14744168519973755,1,35,train,7,3,thumb down,0,0.8448383084577115,28.866666666666667,-21.033333333333335,343.1
44,3112012,3121580,318.93333333333334,3101795,3131795,0,63,2,thumb up,0.41223496198654175,133.9177999761887,3131795,0.12223945558071136,0.162833109498024,0.41223496198654175,0.1622925102710724,0.1403999924659729,1,36,train,9,3,thumb down,0,0.9265469061876247,15.066666666666666,9.466666666666667,349.96666666666664
45,3195540,3202613,235.76666666666668,3184076,3214076,0,47,2,thumb up,0.3895660936832428,127.21669999882579,3214076,0.13097918033599854,0.1659487634897232,0.3895660936832428,0.16796967387199402,0.14553625881671906,1,37,train,10,3,thumb down,0,0.7721615720524018,16.366666666666667,-53.2,328.9
46,3277434,3286591,305.23333333333335,3267012,3297012,0,61,2,thumb up,0.4218875467777252,122.56980000529438,3297012,0.11869984120130539,0.15824390947818756,0.4218875467777252,0.16500861942768097,0.13616007566452026,1,38,train,11,3,thumb down,0,0.856675086537562,27.3,-23.766666666666666,323.6
47,3320979,3327977,233.26666666666668,3309477,3339477,0,47,4,thumb press,0.4638994336128235,151.12600004067644,3339477,0.17211925983428955,0.15865963697433472,0.09537163376808167,0.10995001345872879,0.4638994336128235,0,,false_detection,,,,0,0.0,,,
48,3391909,3399057,238.26666666666668,3380482,3410482,0,47,2,thumb up,0.356870174407959,139.06189997214824,3410482,0.14460663497447968,0.17368975281715393,0.356870174407959,0.1752445250749588,0.14958886802196503,1,39,train,1,4,thumb press,0,0.8796455820822052,28.966666666666665,-3.6333333333333333,377.2
49,3469488,3475551,202.1,3457519,3487519,0,41,2,thumb up,0.4358096420764923,145.12090000789613,3487519,0.119050532579422,0.1603587567806244,0.4358096420764923,0.15404866635799408,0.13073238730430603,1,40,train,2,4,thumb press,0,0.8770078017439192,15.8,11.0,409.93333333333334
50,3551421,3558137,223.86666666666667,3539778,3569778,0,45,0,thumb left,0.2865515649318695,151.27139998367056,3569778,0.2865515649318695,0.16732309758663177,0.12411999702453613,0.2822533845901489,0.13975194096565247,1,41,train,3,4,thumb press,0,0.9393006993006993,14.033333333333333,-0.43333333333333335,387.6
51,3631778,3638055,209.23333333333332,3619916,3649916,0,41,2,thumb up,0.28855282068252563,137.5213999999687,3649916,0.19339819252490997,0.16419783234596252,0.28855282068252563,0.19301410019397736,0.1608370989561081,1,42,val,4,4,thumb press,0,0.8727753058954394,26.333333333333332,-4.166666666666667,391.2
52,3712377,3719042,222.16666666666666,3700709,3730709,0,45,2,thumb up,0.30084994435310364,152.23830001195893,3730709,0.17812034487724304,0.17016160488128662,0.30084994435310364,0.19148984551429749,0.159378319978714,1,43,test,5,4,thumb press,0,0.9185501653803748,16.2,-3.5,385.4
53,3790224,3796011,192.9,3778117,3808117,0,39,2,thumb up,0.32453587651252747,140.08830004604533,3808117,0.1633136123418808,0.17539823055267334,0.32453587651252747,0.18209035694599152,0.15466192364692688,1,44,train,6,4,thumb press,0,0.7816140949133277,41.7,9.533333333333333,413.06666666666666
54,3955272,3963458,272.8666666666667,3944364,3974364,0,55,2,thumb up,0.4050343334674835,151.66009997483343,3974364,0.12726394832134247,0.16537408530712128,0.4050343334674835,0.16218242049217224,0.14014524221420288,1,45,train,8,4,thumb press,0,0.9018398149168227,28.033333333333335,-1.6666666666666667,361.8666666666667
55,4118170,4124916,224.86666666666667,4106542,4136542,0,45,3,thumb down,0.2985667884349823,135.4797999956645,4136542,0.2846676707267761,0.17035719752311707,0.11074445396661758,0.2985667884349823,0.13566386699676514,1,47,train,10,4,thumb press,0,0.6661400217241039,91.66666666666667,-21.033333333333335,366.5
