predicted_event,start_seconds,end_seconds,duration_ms,matched_truth_event,iou,onset_error_ms,offset_error_ms
0,1.2989,2.0570666666666666,758.1666666666666,,,,
1,2.8145333333333333,4.2739666666666665,1459.4333333333334,0,0.2342690085192883,-14.8,1102.7333333333333
2,4.951066666666667,5.8538,902.7333333333333,1,0.6683885049108766,13.6,290.26666666666665
3,7.203033333333333,7.921166666666666,718.1333333333333,2,0.8039920159680639,33.36666666666667,113.93333333333334
4,9.493366666666667,10.173266666666667,679.9,3,0.7104776360100555,22.866666666666667,180.6
5,11.849833333333333,12.485866666666666,636.0333333333333,4,0.7421792353030074,25.666666666666668,144.93333333333334
6,14.1404,14.790833333333333,650.4333333333333,5,0.781457749299159,116.3,-65.6
7,16.438233333333333,16.942566666666668,504.3333333333333,6,0.9413301810489642,30.066666666666666,-1.3666666666666667
8,18.817633333333333,19.193966666666668,376.3333333333333,7,0.7213135701507795,28.6,-116.8
9,21.04083333333333,21.7867,745.8666666666667,8,0.6758705054829831,17.1,230.2
10,23.321133333333332,23.825,503.8666666666667,9,0.7538776120891726,115.76666666666667,-48.733333333333334
11,25.6535,26.038066666666666,384.56666666666666,10,0.8169522730491432,47.666666666666664,-38.5
12,27.974066666666666,28.394333333333332,420.26666666666665,11,0.7664437689969605,30.033333333333335,-98.03333333333333
13,30.2699,30.6863,416.4,12,0.8068724970933988,28.566666666666666,-71.1
14,32.55876666666666,32.9525,393.73333333333335,13,0.7588333547475267,52.46666666666667,-72.66666666666667
15,34.8569,35.69296666666666,836.0666666666667,14,0.5739884613915104,36.36666666666667,335.3
16,37.138333333333335,37.70603333333333,567.7,15,0.8517629407351838,31.9,-66.9
17,39.4363,39.9273,491.0,16,0.7560049271196879,30.766666666666666,-127.7
18,41.737233333333336,42.27343333333334,536.2,17,0.7464501160092808,33.8,-148.33333333333334
19,44.035,44.49036666666667,455.3666666666667,18,0.48653750267113044,112.7,-367.8666666666667
20,47.4818,47.893366666666665,411.56666666666666,19,0.6101502273176517,111.96666666666667,-151.0
21,49.674733333333336,50.02263333333333,347.9,20,0.6951048951048951,51.8,-100.8
22,51.9823,52.339133333333336,356.8333333333333,21,0.689932972415571,43.333333333333336,-117.03333333333333
23,54.27696666666667,54.651833333333336,374.8666666666667,22,0.6254379622935321,35.4,-189.1
24,56.560266666666664,56.926833333333335,366.56666666666666,23,0.679036739734486,28.633333333333333,-144.63333333333333
25,58.85073333333333,59.2137,362.96666666666664,24,0.6975209787970021,48.666666666666664,-108.73333333333333
26,61.1718,61.53503333333333,363.23333333333335,25,0.6181292189006751,86.46666666666667,-137.93333333333334
27,63.45323333333333,63.7869,333.6666666666667,26,0.7330111306385472,34.53333333333333,-87.0
28,65.74563333333333,66.14983333333333,404.2,27,0.7052050014539111,93.83333333333333,-75.13333333333334
29,68.0349,68.4253,390.4,28,0.6491160006650779,112.16666666666667,-98.86666666666666
30,70.3384,70.7553,416.9,29,0.7344961240310077,65.83333333333333,-84.86666666666666
31,72.6547,73.09023333333333,435.53333333333336,30,0.7928398058252427,32.13333333333333,-81.66666666666667
32,74.82476666666666,75.31813333333334,493.3666666666667,31,0.801613951473137,32.666666666666664,-89.43333333333334
33,77.26533333333333,77.6512,385.8666666666667,32,0.6991182509964972,59.56666666666667,-106.5
34,79.56096666666667,79.91746666666667,356.5,33,0.6688555347091932,37.733333333333334,-138.76666666666668
35,81.84973333333333,82.18983333333334,340.1,34,0.4962548638132296,147.3,-197.93333333333334
36,84.13583333333334,84.49306666666666,357.23333333333335,35,0.6660244857373687,35.3,-143.83333333333334
37,86.4687,86.88306666666666,414.3666666666667,36,0.6813000109613065,86.23333333333333,-107.6
38,88.74946666666666,89.17,420.53333333333336,37,0.7580364117046205,66.23333333333333,-68.0
39,91.0615,91.52106666666667,459.56666666666666,38,0.8098566729323309,58.36666666666667,-49.53333333333333
40,94.4173,95.004,586.7,39,0.6885611454502778,201.8,-63.56666666666667
41,96.6178,97.08103333333334,463.23333333333335,40,0.9356267737246488,18.333333333333332,12.666666666666666
42,97.73036666666667,98.02253333333333,292.1666666666667,,,,
43,99.10223333333333,99.8963,794.0666666666667,41,0.4133944423799496,13.233333333333333,460.3333333333333
44,101.2595,101.90113333333333,641.6333333333333,42,0.5609425241157556,21.833333333333332,269.46666666666664
45,103.58126666666666,104.25133333333333,670.0666666666667,43,0.641211948520682,31.833333333333332,220.0
46,105.94376666666666,106.50386666666667,560.1,44,0.6425408719346049,27.1,182.8
47,108.1086,108.69753333333334,588.9333333333333,45,0.6528758829465187,5.666666666666667,200.73333333333332
48,109.6468,109.90436666666666,257.56666666666666,,,,
49,110.34083333333334,111.54593333333334,1205.1,46,0.32708212319862806,-170.6,640.3333333333334
50,112.7812,113.20946666666667,428.26666666666665,47,0.8964530461631147,14.366666666666667,31.466666666666665
51,115.04513333333334,115.86333333333333,818.2,48,0.6309690870454272,13.166666666666666,293.6333333333333
52,117.3259,118.3464,1020.5,49,0.45977462028417443,-18.6,532.7
53,119.6432,120.5401,896.9,50,0.5529935422671385,16.733333333333334,391.6666666666667
54,121.97466666666666,122.78603333333334,811.3666666666667,51,0.5706884960651718,31.533333333333335,330.3333333333333
55,124.24073333333334,125.10043333333333,859.7,52,0.5582006551382647,15.433333333333334,371.2
56,126.38776666666666,127.314,926.2333333333333,53,0.6543841811871122,24.533333333333335,304.06666666666666
57,128.84203333333335,129.65573333333333,813.7,54,0.5426421739304438,19.2,361.73333333333335
58,131.106,131.54466666666667,438.6666666666667,55,0.8992504409171076,14.933333333333334,30.766666666666666
59,131.94096666666667,132.1681,227.13333333333333,,,,
60,133.41013333333333,133.96913333333333,559.0,56,0.6567972350230414,19.666666666666668,178.93333333333334
61,135.77853333333334,136.53063333333333,752.1,57,0.6517768255204952,18.0,250.16666666666666
62,138.0771,138.93083333333334,853.7333333333333,58,0.5938609937563091,37.833333333333336,324.26666666666665
63,141.48746666666668,141.89916666666667,411.7,59,0.861685552407932,58.96666666666667,6.133333333333334
64,143.57346666666666,144.32006666666666,746.6,60,0.6048715639607187,30.7,276.43333333333334
65,145.95696666666666,146.35843333333332,401.46666666666664,61,0.8523105229636968,17.066666666666666,-52.5
66,148.20966666666666,149.0375,827.8333333333334,62,0.6379225498731877,52.733333333333334,266.1
67,150.467,151.24026666666666,773.2666666666667,63,0.7333666208962676,27.833333333333332,185.76666666666668
68,152.80503333333334,153.69813333333335,893.1,64,0.5997395650031675,54.03333333333333,325.06666666666666
69,155.13646666666668,155.9557,819.2333333333333,65,0.5912476007677543,49.1,305.8333333333333
70,157.33083333333335,158.25373333333334,922.9,66,0.9533962197987166,27.666666666666668,16.633333333333333
71,159.71213333333333,160.51723333333334,805.1,67,0.6758250560717719,27.166666666666668,242.63333333333333
72,162.0012,162.93556666666666,934.3666666666667,68,0.491991009953266,-427.1,47.56666666666667
73,164.314,165.23376666666667,919.7666666666667,69,0.4406696553656486,31.966666666666665,500.3666666666667
74,166.71526666666668,167.31846666666667,603.2,70,0.7721783656923406,47.833333333333336,-130.13333333333333
75,169.03973333333334,169.5601,520.3666666666667,71,0.7516852850539292,27.333333333333332,-144.56666666666666
76,171.3642,172.0265,662.3,72,0.8544017563117453,96.86666666666666,13.666666666666666
77,173.6732,174.19186666666667,518.6666666666666,73,0.8343610917475468,62.166666666666664,-40.8
78,175.87766666666667,176.39436666666666,516.7,74,0.7723467862481316,33.233333333333334,-119.06666666666666
79,178.10863333333333,178.4974,388.76666666666665,75,0.7580760480987976,25.533333333333335,-98.53333333333333
80,180.2069,181.00973333333334,802.8333333333334,76,0.6775952175057337,-202.1,-83.73333333333333
81,182.66056666666665,183.1456,485.03333333333336,77,0.7397377423033067,-52.53333333333333,-99.63333333333334
82,185.05386666666666,185.5277,473.8333333333333,78,0.8000274970784355,11.066666666666666,85.9
83,186.83753333333334,187.2085,370.96666666666664,,,,
84,188.4156,188.98226666666667,566.6666666666666,79,0.8494866298093197,24.2,64.73333333333333
85,190.63973333333334,191.01836666666668,378.6333333333333,80,0.8818990102331824,18.766666666666666,28.166666666666668
86,192.9481,193.93743333333333,989.3333333333334,81,0.33012617771415254,11.9,658.8
87,195.0128,196.0868,1074.0,82,0.374487895716946,-240.83333333333334,430.96666666666664
88,197.65,198.7508,1100.8,83,0.4197886647454371,9.6,634.6666666666666
89,199.76643333333334,200.80156666666667,1035.1333333333334,84,0.42162040316867394,-209.26666666666668,389.43333333333334
90,201.39983333333333,203.20053333333334,1800.7,85,0.23178023361285427,-850.9,532.4333333333333
91,203.7211,203.91666666666666,195.56666666666666,,,,
92,204.49393333333333,205.1881,694.1666666666666,86,0.6913545079048569,7.933333333333334,208.76666666666668
93,206.1355,206.32,184.5,,,,
94,206.66833333333332,207.50833333333333,840.0,87,0.31742063492063494,-429.1333333333333,144.23333333333332
95,209.1427,209.8821,739.4,88,0.6079253448742223,-141.66666666666666,148.23333333333332
96,211.42646666666667,212.1288,702.3333333333334,89,0.6143806359753203,-103.03333333333333,167.8
97,213.9065,214.39543333333333,488.93333333333334,90,0.8128157404945493,12.533333333333333,81.33333333333333
98,216.0979,217.94316666666666,1845.2666666666667,91,0.19428086274793163,-7.7,1479.0666666666666
99,218.25086666666667,218.96663333333333,715.7666666666667,92,0.5090113165370466,-129.53333333333333,221.9
100,220.57596666666666,221.9187,1342.7333333333333,93,0.28816841269053173,-135.76666666666668,820.0333333333333
101,222.3758,222.62346666666667,247.66666666666666,,,,
102,222.99086666666668,224.60463333333334,1613.7666666666667,94,0.27297129878174686,0.5666666666666667,1173.1
103,224.99106666666665,226.40806666666666,1417.0,95,0.2978358033403905,-200.4,794.5666666666667
104,227.4999,228.37066666666666,870.7666666666667,96,0.4514489455317858,8.033333333333333,474.03333333333336
105,229.76603333333333,230.76606666666666,1000.0333333333333,97,0.4772825186412593,5.8,519.9666666666667
106,231.41963333333334,231.60206666666667,182.43333333333334,,,,
107,232.1345,232.212,77.5,98,0.8633494244337171,12.266666666666667,0.0
