epoch,learning_rate,adversarial_weight,effective_gradient_ratio,train_task_loss,val_task_loss,train_total_loss,adversarial_loss,domain_accuracy,train_accuracy,val_accuracy
1,0.002,0.0,0.0,1.1921866893768311,0.7509077787399292,1.1921866893768311,0.720447587966919,0.39375,0.2,0.2
2,0.004,0.0,0.0,0.6376113057136535,0.5692905783653259,0.6376113057136535,0.7070060729980469,0.36875,0.2,0.2
3,0.006,0.0,0.0,0.6313202977180481,0.7774476408958435,0.6313202977180481,0.7060442328453064,0.475,0.1875,0.2
4,0.008,0.0,0.0,0.6650098323822021,0.5909852981567383,0.6650098323822021,0.7021738886833191,0.475,0.2,0.2
5,0.01,0.0,0.0,0.5644654989242553,0.5878512263298035,0.5644654989242553,0.7030309200286865,0.4875,0.2,0.2
6,0.01,0.0,0.0,0.585340940952301,0.60277259349823,0.585340940952301,0.7015209555625915,0.48125,0.2,0.2
7,0.01,0.0,0.0,0.5670591950416565,0.5403571724891663,0.5670591950416565,0.6999797821044922,0.51875,0.2,0.2
8,0.01,0.0,0.0,0.529114031791687,0.524185299873352,0.529114031791687,0.6997201681137085,0.53125,0.2,0.2
9,0.01,0.0,0.0,0.5220693230628968,0.5063357949256897,0.5220693230628968,0.6988954424858094,0.50625,0.2,0.2
10,0.01,0.0,0.0,0.5164262771606445,0.5025143623352051,0.5164262771606445,0.6995296359062195,0.625,0.2,0.2
11,0.01,2.7372244954109193,0.04917736202478409,0.5157305836677551,0.5115649700164795,2.427897012233734,0.7000083446502685,0.6,0.2,0.2
12,0.01,1.6901879906654358,0.05168539583683014,0.5086173295974732,0.5027630925178528,1.688058042526245,0.6981578826904297,0.69375,0.2,0.2
13,0.01,1.1754641711711884,0.05337078496813774,0.5030467510223389,0.4970407485961914,1.3241971492767335,0.698931884765625,0.7125,0.2,0.2
14,0.01,0.4384687453508377,0.05505618155002594,0.5002078711986542,0.4965082108974457,0.8067396998405456,0.6989628434181213,0.7625,0.2375,0.4
15,0.01,0.3901857614517212,0.05674157366156578,0.49874608516693114,0.49585631489753723,0.7720333456993103,0.7008692264556885,0.7875,0.45,0.5
16,0.01,0.4908231943845749,0.05842696577310562,0.49881271123886106,0.49605706334114075,0.8419444322586059,0.6999829173088074,0.775,0.325,0.4
17,0.01,0.4214861124753952,0.060112360119819644,0.49651744961738586,0.49349337816238403,0.7913479804992676,0.7000422954559327,0.8,0.35,0.4
18,0.01,0.25927967876195906,0.061797752231359485,0.4952386081218719,0.4933416545391083,0.6766844153404236,0.7000794649124146,0.8625,0.325,0.2
19,0.01,0.6859924137592316,0.06348314881324768,0.4946707308292389,0.49495819211006165,0.9736275315284729,0.6985958695411683,0.85625,0.225,0.2
20,0.01,0.8740398764610291,0.06516853719949722,0.4953265130519867,0.4907701313495636,1.106610357761383,0.7002395391464233,0.85,0.2875,0.5
21,0.01,0.40156065225601195,0.06685393303632736,0.4928796648979187,0.490239679813385,0.7743160843849182,0.7004656195640564,0.85,0.425,0.6
22,0.01,1.163302268087864,0.0685393288731575,0.49377580881118777,0.4941156804561615,1.3063655376434327,0.7008765578269959,0.8875,0.425,0.5
23,0.01,3.135269522666931,0.07022471725940704,0.5125655472278595,0.4914039969444275,2.7074946403503417,0.7003023147583007,0.85625,0.4,0.5
24,0.01,3.738560801744461,0.06803499311208724,0.5068240582942962,0.49400195479393005,3.1160047888755797,0.6981455683708191,0.8125,0.45,0.2
25,0.01,3.084408140182495,0.0719699963927269,0.49550740122795106,0.4926603138446808,2.6438342094421388,0.6965941190719604,0.7625,0.3375,0.4
26,0.005,2.1925334453582765,0.07528089880943298,0.49188126921653746,0.48960447311401367,2.016080403327942,0.6953558683395386,0.75625,0.4125,0.5
27,0.005,2.346621608734131,0.076966293156147,0.4893146276473999,0.48701211810112,2.1228654384613037,0.6960904240608216,0.78125,0.475,0.5
28,0.005,1.2400388836860656,0.07865168899297714,0.48698476552963255,0.4852146506309509,1.3536262035369873,0.6984037280082702,0.84375,0.5375,0.5
29,0.005,1.2010772228240967,0.0803370788693428,0.4828779220581055,0.48501574993133545,1.3203325033187867,0.6979552984237671,0.86875,0.5875,0.6
30,0.005,0.9632583141326905,0.08202247470617294,0.4784156918525696,0.47757118940353394,1.1498653173446656,0.697768259048462,0.875,0.575,0.6
31,0.005,1.5309066355228425,0.08370786160230637,0.4729894042015076,0.4737215042114258,1.538881278038025,0.6977636694908143,0.875,0.575,0.6
32,0.005,1.1932397603988647,0.0853932574391365,0.46803130507469176,0.4677903354167938,1.3025457620620728,0.6992818951606751,0.89375,0.575,0.6
33,0.005,2.7197444915771483,0.08192168772220612,0.46513856649398805,0.4674173891544342,2.361332130432129,0.6973940014839173,0.7875,0.55,0.6
34,0.005,3.4516719818115233,0.07199190258979797,0.46506933569908143,0.47632721066474915,2.8710032224655153,0.6969013214111328,0.80625,0.525,0.6
35,0.005,4.5013844013214115,0.06466714218258858,0.5078142046928406,0.4626728296279907,3.651643419265747,0.6982676744461059,0.89375,0.5375,0.6
36,0.005,3.411270296573639,0.07032706663012504,0.4844506740570068,0.47587841749191284,2.8621158838272094,0.6972090482711792,0.85625,0.575,0.6
37,0.005,4.407124042510986,0.0702877938747406,0.46842246055603026,0.45868992805480957,3.537585496902466,0.6965067148208618,0.8,0.4875,0.6
38,0.005,1.4640767097473144,0.09550561606884003,0.45121877193450927,0.4570963680744171,1.471729326248169,0.6971519470214844,0.88125,0.5,0.6
39,0.005,3.1512961864471434,0.09067398458719253,0.45471431016922,0.4609195291996002,2.6486242532730104,0.6962815880775451,0.8625,0.5375,0.6
40,0.005,3.713872957229614,0.09261394292116165,0.4511197924613953,0.4610048234462738,3.0381299018859864,0.69627445936203,0.79375,0.5125,0.5
41,0.005,2.016178011894226,0.10056179612874985,0.44713366627693174,0.4371829628944397,1.851417350769043,0.6966379642486572,0.8625,0.5375,0.6
42,0.005,3.282208299636841,0.09040546640753747,0.44525858759880066,0.4494071304798126,2.7323234558105467,0.6973268628120423,0.89375,0.525,0.6
43,0.005,3.5343875527381896,0.08845323473215103,0.4451172471046448,0.4491623044013977,2.907486081123352,0.6967467784881591,0.8625,0.5625,0.6
44,0.005,3.8531086921691893,0.08663597255945206,0.4374111592769623,0.43818071484565735,3.1202476978302003,0.6965149283409119,0.8,0.525,0.6
45,0.005,3.210691809654236,0.09642926007509231,0.4317354202270508,0.4412023723125458,2.67042760848999,0.6973224759101868,0.83125,0.5375,0.6
46,0.005,4.492435550689697,0.09766430109739303,0.4544310212135315,0.4819636046886444,3.593256378173828,0.6987443447113038,0.8625,0.55,0.6
47,0.005,3.931085538864136,0.07411560043692589,0.44720309376716616,0.4333489239215851,3.1869165182113646,0.6971211552619934,0.76875,0.5625,0.6
48,0.005,4.149864959716797,0.09324937835335731,0.4401723802089691,0.4401989281177521,3.327031707763672,0.6957493901252747,0.83125,0.4625,0.6
49,0.005,2.5788061141967775,0.10769192427396775,0.4277676582336426,0.4277820885181427,2.2233973145484924,0.6969727158546448,0.85625,0.5,0.6
50,0.005,1.216956341266632,0.11573033332824707,0.419941383600235,0.4210769534111023,1.2695786118507386,0.6980989575386047,0.8875,0.575,0.6
51,0.005,1.6741827964782714,0.11741573363542557,0.41310330629348757,0.43584442138671875,1.5804020047187806,0.697101354598999,0.85,0.5625,0.6
52,0.005,2.0766554951667784,0.11910112351179122,0.4105964422225952,0.40168246626853943,1.8623723268508912,0.6988478779792786,0.84375,0.575,0.6
53,0.005,2.2161532640457153,0.12078651636838914,0.41380398273468016,0.43030717968940735,1.9604665040969849,0.6983162641525269,0.9,0.55,0.6
54,0.005,3.322306823730469,0.11031525135040283,0.4398144483566284,0.4255351424217224,2.758450984954834,0.6981640815734863,0.8,0.55,0.6
55,0.005,3.6985273361206055,0.12415730208158493,0.42623481154441833,0.3985714316368103,3.0209789752960203,0.7012742161750793,0.8875,0.575,0.6
56,0.005,2.018226742744446,0.12584269046783447,0.41119683980941774,0.4134310185909271,1.825607419013977,0.700619637966156,0.85,0.575,0.6
57,0.005,3.405318760871887,0.12752808928489684,0.4108332395553589,0.399974524974823,2.788227152824402,0.6987459897994995,0.79375,0.5375,0.6
58,0.005,2.880160665512085,0.1275590643286705,0.3963857889175415,0.3914581537246704,2.4092530250549316,0.6996998906135559,0.825,0.6,0.6
59,0.005,3.279336857795715,0.1118335910141468,0.40738219022750854,0.37770581245422363,2.6978014945983886,0.6996885180473328,0.875,0.5875,0.6
60,0.005,1.6442644536495208,0.13258427679538726,0.3873628735542297,0.3893662989139557,1.5362539887428284,0.7001360654830933,0.88125,0.6375,0.6
61,0.005,1.8589190244674683,0.13426966965198517,0.38370949029922485,0.40255099534988403,1.6870699167251586,0.7011185169219971,0.85625,0.575,0.6
62,0.005,4.1384326934814455,0.12423278242349625,0.41137049794197084,0.39426368474960327,3.309475040435791,0.7004786968231201,0.8625,0.7,0.6
63,0.005,3.576666331291199,0.12681557089090348,0.4039382696151733,0.3759971559047699,2.9087860107421877,0.7003918051719665,0.825,0.65,0.6
64,0.005,1.5470243692398071,0.1393258422613144,0.3898571491241455,0.4000738561153412,1.4794466733932494,0.704164469242096,0.8875,0.6625,0.6
65,0.005,1.3230214595794678,0.14101124107837676,0.3924611330032349,0.379999577999115,1.3210267663002013,0.7024170875549316,0.8625,0.6125,0.6
66,0.005,0.985850203037262,0.1426966369152069,0.3784541666507721,0.3776600658893585,1.0748926162719727,0.7070521235466003,0.90625,0.675,0.8
67,0.005,3.086991047859192,0.14241693913936615,0.4015087127685547,0.4273844063282013,2.5746447801589967,0.7063343167304993,0.89375,0.775,0.5
68,0.005,3.981321859359741,0.1406176656484604,0.4071647822856903,0.37742769718170166,3.1976646423339843,0.7009839057922364,0.8,0.575,0.6
69,0.005,1.884250283241272,0.1477528065443039,0.38364570736885073,0.3958512842655182,1.7058310031890869,0.7025381684303283,0.8875,0.7,0.6
70,0.005,1.7042806148529053,0.14943820238113403,0.37933393716812136,0.37384873628616333,1.5796841144561768,0.7055161714553833,0.90625,0.725,0.7
71,0.005,2.0746028423309326,0.15112359523773194,0.37315787076950074,0.36043938994407654,1.8300119638442993,0.7024510502815247,0.9125,0.8,0.6
72,0.005,3.4043712854385375,0.13368754982948303,0.38631237149238584,0.3899453580379486,2.769906210899353,0.700823187828064,0.83125,0.725,0.8
73,0.005,4.203061485290528,0.13344458490610123,0.39141741394996643,0.35274651646614075,3.3507808685302733,0.7044996976852417,0.9,0.8375,0.8
74,0.005,3.1404449462890627,0.14586045742034912,0.3767018496990204,0.3669399917125702,2.5851014137268065,0.7046836733818054,0.86875,0.7625,0.7
75,0.005,2.728992211818695,0.15584069192409516,0.3678047597408295,0.36036819219589233,2.299850308895111,0.7072253108024598,0.925,0.8375,0.8
76,0.005,1.2919891893863678,0.15955055952072145,0.35759984254837035,0.3616372346878052,1.2777141332626343,0.7129705667495727,0.9375,0.8625,0.7
77,0.005,3.066987943649292,0.15066530406475068,0.37566483616828916,0.3914809823036194,2.547106409072876,0.7088890552520752,0.9125,0.8375,0.8
78,0.005,2.593176507949829,0.16292135417461395,0.39514254927635195,0.35790762305259705,2.215553903579712,0.7024019718170166,0.89375,0.8875,0.9
79,0.005,2.1724380254745483,0.1646067351102829,0.38301860690116885,0.3736262023448944,1.9163664817810058,0.7058184266090393,0.8875,0.7375,0.7
80,0.005,3.0287524223327638,0.16378670632839204,0.37975924611091616,0.35183268785476685,2.5240389823913576,0.7082507967948913,0.8875,0.85,0.8
81,0.005,1.5903295636177064,0.16797752678394318,0.3635372996330261,0.33948490023612976,1.4894905805587768,0.708557379245758,0.88125,0.7875,0.9
82,0.005,0.8769746363162995,0.16966291666030883,0.3434263050556183,0.33580583333969116,0.9617669105529785,0.7072080850601197,0.8875,0.9375,0.9
83,0.005,0.5292846739292145,0.17134832143783568,0.33541654944419863,0.316389262676239,0.7149099588394165,0.7182616710662841,0.94375,0.925,1.0
84,0.005,0.44186508655548096,0.1730337142944336,0.3252262473106384,0.3183983266353607,0.6452501654624939,0.7226665019989014,0.96875,0.9125,0.9
85,0.005,0.37578630447387695,0.17471909523010254,0.3196138679981232,0.3045867383480072,0.5967571496963501,0.7388672828674316,0.96875,0.975,1.0
86,0.005,0.5405432701110839,0.17640449106693268,0.31725251078605654,0.3098980486392975,0.7137023568153381,0.7361995339393616,0.96875,0.9,1.0
87,0.005,0.7999697744846344,0.17808988988399505,0.31679105162620547,0.31279057264328003,0.9026204764842987,0.7357853293418884,0.95,0.9875,1.0
88,0.005,0.7632072150707245,0.17977528274059296,0.3188901782035828,0.34270378947257996,0.8756046891212463,0.7312976717948914,0.9375,0.9875,1.0
89,0.005,1.479234951734543,0.18146068155765532,0.3424535751342773,0.3156953454017639,1.410409140586853,0.7293426036834717,0.9375,0.9625,1.0
90,0.005,1.1760544538497926,0.18314608037471772,0.320927494764328,0.31508997082710266,1.174035620689392,0.7284038305282593,0.93125,0.9875,1.0
91,0.005,0.6554215848445892,0.18483145534992218,0.3164800047874451,0.3173327147960663,0.7950653195381164,0.7310386180877686,0.95625,0.9875,1.0
92,0.005,0.8975719690322876,0.18651685118675232,0.3288086295127869,0.30074167251586914,0.9849261403083801,0.7320786595344544,0.9625,0.95,1.0
93,0.005,0.48546382784843445,0.18820224702358246,0.31515700221061704,0.30405429005622864,0.6774393320083618,0.7492162704467773,0.93125,0.9625,1.0
94,0.005,1.2409223198890686,0.18988763988018037,0.3176315248012543,0.324738472700119,1.2307588815689088,0.7359447956085206,0.95,0.975,1.0
95,0.005,1.694044440984726,0.19157304167747496,0.337710028886795,0.3612383306026459,1.5856053352355957,0.7420077562332154,0.95625,0.975,1.0
96,0.005,1.6380043029785156,0.19325841665267945,0.3453854858875275,0.3208467662334442,1.5540655612945558,0.7372903227806091,0.89375,0.975,1.0
97,0.005,2.037070298194885,0.1949438124895096,0.35012896060943605,0.3281424045562744,1.8303972482681274,0.72961345911026,0.9125,0.9625,1.0
98,0.005,1.78846435546875,0.1966292142868042,0.33249240517616274,0.31080707907676697,1.6203505635261535,0.7264937043190003,0.9125,0.975,1.0
99,0.005,1.1429513335227965,0.19831461012363433,0.31780104637145995,0.31072279810905457,1.1468944072723388,0.730935251712799,0.91875,0.9625,1.0
100,0.005,0.8065000951290131,0.19999999701976776,0.31227511167526245,0.3213273286819458,0.9066837549209594,0.736869478225708,0.9625,0.9875,1.0
