epoch,train_task_bce,validation_task_bce,train_accuracy,validation_accuracy
1,1.146621835231781,0.7219732403755188,0.2,0.2
2,0.6217595219612122,0.6045206785202026,0.2,0.2
3,0.5791715860366822,0.532167911529541,0.2,0.2
4,0.5408053398132324,0.5403861999511719,0.2,0.2
5,0.5418490529060364,0.5241870880126953,0.2,0.2
6,0.5273934602737427,0.5223942995071411,0.2125,0.3
7,0.515295934677124,0.5089341402053833,0.2125,0.2
8,0.5151985049247741,0.5147926211357117,0.2,0.2
9,0.5072730362415314,0.5014179944992065,0.225,0.3
10,0.5041089236736298,0.4970790147781372,0.3,0.4
11,0.5007254481315613,0.4970362186431885,0.275,0.6
12,0.4983642876148224,0.49715274572372437,0.275,0.2
13,0.49742019176483154,0.4953824579715729,0.25,0.5
14,0.4962871253490448,0.49459192156791687,0.2375,0.3
15,0.49539158344268797,0.4935797154903412,0.25,0.3
16,0.49468511939048765,0.49112430214881897,0.3,0.4
17,0.493081146478653,0.49002963304519653,0.3125,0.5
18,0.49191458225250245,0.4886183738708496,0.375,0.7
19,0.4886537194252014,0.4842205345630646,0.475,0.6
20,0.4868764102458954,0.4865162968635559,0.525,0.7
21,0.4847563147544861,0.4792177975177765,0.5625,0.5
22,0.4840576708316803,0.47835031151771545,0.6,0.6
23,0.4788152277469635,0.46947982907295227,0.55,0.7
24,0.46664527654647825,0.4575537145137787,0.625,0.5
25,0.4649006187915802,0.46607592701911926,0.5375,0.5
26,0.4788190543651581,0.4751286208629608,0.525,0.6
27,0.4643345892429352,0.4493701457977295,0.525,0.6
28,0.45256270170211793,0.4431423842906952,0.6,0.7
29,0.4451803684234619,0.4382038712501526,0.6125,0.6
30,0.43849038481712344,0.44079121947288513,0.5625,0.6
31,0.44156145453453066,0.4688018560409546,0.5,0.5
32,0.4700950086116791,0.45377475023269653,0.4125,0.4
33,0.44349421858787536,0.4386770725250244,0.5125,0.6
34,0.4336803138256073,0.42500990629196167,0.5625,0.6
35,0.42558669447898867,0.4258001148700714,0.55,0.6
36,0.42293530106544497,0.41700172424316406,0.5625,0.6
37,0.41754851341247556,0.4084652364253998,0.575,0.6
38,0.41689802408218385,0.41622260212898254,0.5625,0.6
39,0.4171999990940094,0.40371936559677124,0.5625,0.6
40,0.4163214087486267,0.39712947607040405,0.5625,0.6
41,0.4032962918281555,0.39111053943634033,0.575,0.6
42,0.3937946856021881,0.3804005980491638,0.5625,0.6
43,0.38666718602180483,0.3822004795074463,0.5625,0.6
44,0.3931491732597351,0.3916381597518921,0.5625,0.6
45,0.3901917040348053,0.3801071345806122,0.575,0.6
46,0.384622323513031,0.37244755029678345,0.55,0.6
47,0.37484241724014283,0.36921176314353943,0.5875,0.6
48,0.3710839867591858,0.3570764660835266,0.7125,0.6
49,0.3689646780490875,0.34952184557914734,0.7125,0.8
50,0.36020821928977964,0.3493362069129944,0.7875,0.8
51,0.35355883836746216,0.34438174962997437,0.8625,1.0
52,0.34790646433830263,0.344832181930542,0.8375,0.8
53,0.3545706570148468,0.3652506172657013,0.7875,0.8
54,0.36885119080543516,0.3651929199695587,0.7625,0.8
55,0.3709471940994263,0.366128534078598,0.8,1.0
56,0.35718401074409484,0.3452351987361908,0.9,0.9
57,0.3613804042339325,0.39499667286872864,0.8,0.8
58,0.3994281947612762,0.4178810119628906,0.8125,0.8
59,0.3745063066482544,0.35382941365242004,0.7625,0.9
60,0.346105569601059,0.32757437229156494,0.8625,0.9
61,0.3352185845375061,0.32089924812316895,0.9,1.0
62,0.3270167112350464,0.31116825342178345,0.9375,1.0
63,0.32723042368888855,0.31913337111473083,0.9125,1.0
64,0.32682982087135315,0.3064476251602173,0.9375,1.0
65,0.3238939642906189,0.36126551032066345,0.95,1.0
66,0.35605928897857664,0.35266637802124023,0.875,1.0
67,0.3451020896434784,0.32899847626686096,0.95,1.0
68,0.3315609276294708,0.3273915648460388,0.9125,1.0
69,0.33115431666374207,0.3282092809677124,0.9125,1.0
70,0.32866187691688536,0.3007858097553253,0.9375,1.0
71,0.31876018047332766,0.3156670331954956,0.95,1.0
72,0.3178330659866333,0.28914910554885864,0.9625,1.0
73,0.30978353023529054,0.3003544509410858,0.9375,1.0
74,0.3232407569885254,0.29282882809638977,0.9625,1.0
75,0.31430835127830503,0.29879817366600037,0.9125,1.0
76,0.3170212090015411,0.29679927229881287,0.9,1.0
77,0.30443553924560546,0.29521074891090393,0.95,1.0
78,0.2986933827400208,0.278558611869812,0.95,1.0
79,0.2926577478647232,0.28626537322998047,0.95,1.0
80,0.31129674315452577,0.28036925196647644,0.9625,1.0
81,0.29396244287490847,0.2893858551979065,0.9625,1.0
82,0.2870833396911621,0.2769991159439087,0.975,1.0
83,0.2786836624145508,0.266865611076355,0.975,1.0
84,0.27418757081031797,0.26386040449142456,0.975,1.0
85,0.27372519969940184,0.26357027888298035,0.975,1.0
86,0.27461494207382203,0.2636048197746277,0.975,1.0
87,0.26687746644020083,0.2993205487728119,0.9875,1.0
88,0.2793752610683441,0.25796857476234436,0.9625,1.0
89,0.2635940372943878,0.25599515438079834,0.9875,1.0
90,0.2691908359527588,0.26183342933654785,0.9875,1.0
91,0.2648452967405319,0.2591067850589752,0.975,1.0
92,0.2612828552722931,0.2537323236465454,0.975,1.0
93,0.25766328573226926,0.2670338749885559,0.9875,1.0
94,0.264694145321846,0.25448256731033325,0.9875,1.0
95,0.2592551916837692,0.25348958373069763,0.9875,1.0
96,0.2546334356069565,0.2503747045993805,0.9875,1.0
97,0.25382609367370607,0.25306862592697144,0.9875,1.0
98,0.2514969676733017,0.2505530118942261,0.9875,1.0
99,0.24807776510715485,0.24974091351032257,0.9875,1.0
100,0.24915016293525696,0.25241756439208984,0.9875,1.0
101,0.2509989798069,0.24884459376335144,0.9875,1.0
102,0.2487972140312195,0.24526624381542206,0.9875,1.0
103,0.25112943947315214,0.25300344824790955,0.9875,1.0
104,0.2581157088279724,0.2569648027420044,0.9875,1.0
105,0.2588781535625458,0.25442346930503845,0.9875,1.0
106,0.2648636430501938,0.25464046001434326,0.9875,1.0
107,0.2517339110374451,0.2605113387107849,0.9875,1.0
108,0.2551707535982132,0.2502731382846832,0.9875,1.0
109,0.2511020302772522,0.26328542828559875,0.9875,1.0
110,0.25274051129817965,0.25084027647972107,0.9875,1.0
111,0.2490376651287079,0.2612362802028656,0.9875,1.0
112,0.25043964982032774,0.24728840589523315,0.9875,1.0
113,0.2445825845003128,0.23923301696777344,0.9875,1.0
114,0.24576197266578675,0.24334095418453217,0.9875,1.0
115,0.24199579656124115,0.24722091853618622,0.9875,1.0
116,0.2420344293117523,0.2410944551229477,0.9875,1.0
117,0.2431706130504608,0.24317826330661774,0.9875,1.0
118,0.24837718307971954,0.24578039348125458,0.9875,1.0
119,0.24428600072860718,0.24421906471252441,0.9875,1.0
120,0.24587766230106353,0.26109907031059265,0.9875,1.0
121,0.2494558185338974,0.24232368171215057,0.9875,1.0
122,0.24388439059257508,0.23864223062992096,0.9875,1.0
123,0.23907308280467987,0.24132800102233887,0.9875,1.0
124,0.23838763535022736,0.23770484328269958,0.9875,1.0
125,0.2352363497018814,0.2351764738559723,0.9875,1.0
126,0.2368040233850479,0.23773552477359772,0.9875,1.0
127,0.23328882455825806,0.24081653356552124,0.9875,1.0
128,0.23587241172790527,0.234280064702034,0.9875,1.0
129,0.23630288541316985,0.2391657680273056,0.9875,1.0
130,0.24272875487804413,0.24382223188877106,0.9875,1.0
131,0.24242684841156006,0.2386229932308197,0.9875,1.0
132,0.23732770681381227,0.2389400452375412,0.9875,1.0
133,0.2390612006187439,0.23902253806591034,0.9875,1.0
134,0.2376684308052063,0.2346673458814621,0.9875,1.0
135,0.23345563411712647,0.23588700592517853,0.9875,1.0
136,0.23787271678447724,0.23048344254493713,0.9875,1.0
137,0.2332086056470871,0.2356666624546051,0.9875,1.0
138,0.23454728424549104,0.2312067598104477,0.9875,1.0
139,0.23592087924480437,0.2394261658191681,0.9875,1.0
140,0.2323409914970398,0.22799955308437347,0.9875,1.0
141,0.22708081007003783,0.22573897242546082,0.9875,1.0
142,0.225595360994339,0.2247561514377594,0.9875,1.0
143,0.2244463860988617,0.22225171327590942,0.9875,1.0
144,0.2236977070569992,0.22299250960350037,1.0,1.0
145,0.22224853336811065,0.22134998440742493,0.9875,1.0
146,0.22067095041275026,0.2220824509859085,1.0,1.0
147,0.22666026949882506,0.2212182730436325,1.0,1.0
148,0.22253760397434236,0.23773053288459778,1.0,1.0
149,0.2344633013010025,0.23655959963798523,1.0,1.0
150,0.24768443405628204,0.23854826390743256,1.0,1.0
151,0.2374926209449768,0.3162488043308258,1.0,0.9
152,0.23987891972064973,0.23014198243618011,0.9875,1.0
153,0.3308346301317215,0.4394652545452118,0.8125,0.6
154,0.49954724311828613,0.503381609916687,0.425,0.4
155,0.48768669962882993,0.5460588932037354,0.4,0.3
156,0.5344099223613739,0.4113515615463257,0.3375,0.6
157,0.4593205630779266,0.44657087326049805,0.4375,0.4
158,0.45110854506492615,0.43559592962265015,0.3875,0.6
159,0.4261597514152527,0.4422580897808075,0.5875,0.6
160,0.41988909244537354,0.41928157210350037,0.6125,0.6
161,0.4115487217903137,0.40075477957725525,0.6,0.6
162,0.396982479095459,0.3869973421096802,0.6,0.6
163,0.3870943009853363,0.3704001009464264,0.5875,0.6
164,0.37352232336997987,0.3644558787345886,0.6625,0.6
165,0.36321377754211426,0.35577768087387085,0.6125,0.6
166,0.354704487323761,0.3419162929058075,0.6625,0.8
167,0.34815655946731566,0.36194199323654175,0.775,0.8
168,0.33850987553596495,0.313816636800766,0.8,0.8
169,0.3288941740989685,0.2976868152618408,0.8125,0.8
170,0.30776168704032897,0.29556381702423096,0.85,0.9
171,0.3124092221260071,0.3147469460964203,0.9,0.7
172,0.30882269740104673,0.28736406564712524,0.8875,1.0
173,0.2877041518688202,0.2757148742675781,0.9625,1.0
174,0.2812115252017975,0.2737715542316437,0.9875,1.0
175,0.28720754384994507,0.27787232398986816,0.9625,1.0
176,0.2827697336673737,0.26906445622444153,0.975,1.0
177,0.2727341949939728,0.2606365978717804,0.9875,1.0
178,0.27004545331001284,0.2646026313304901,0.9875,1.0
179,0.27577569484710696,0.27664774656295776,0.975,1.0
180,0.28926007747650145,0.269806832075119,0.975,1.0
181,0.26950121521949766,0.2594432234764099,0.9875,1.0
182,0.2669375777244568,0.26159530878067017,0.975,1.0
183,0.35385177135467527,0.48317471146583557,0.8125,0.6
184,0.4088699698448181,0.3535303771495819,0.6875,0.8
185,0.35692221522331236,0.3616335391998291,0.7875,0.8
186,0.3298192322254181,0.3200732171535492,0.8,0.9
187,0.3167360186576843,0.2845548391342163,0.9125,1.0
188,0.2900273263454437,0.2777259647846222,0.975,1.0
189,0.28686235249042513,0.28914400935173035,0.975,1.0
190,0.299979966878891,0.2776497006416321,0.95,1.0
191,0.304744815826416,0.2853619158267975,0.925,1.0
192,0.2915077805519104,0.2679841220378876,0.9625,1.0
193,0.26906644105911254,0.26576170325279236,0.9875,1.0
194,0.26487024426460265,0.2472912222146988,0.975,1.0
195,0.2501141011714935,0.2502276301383972,0.9875,1.0
196,0.25077947974205017,0.2450818419456482,0.9875,1.0
197,0.24827049672603607,0.2449314147233963,0.9875,1.0
198,0.24743696451187133,0.2432229071855545,0.9875,1.0
199,0.2448646068572998,0.23888276517391205,0.9875,1.0
200,0.24400322139263153,0.2397521585226059,0.9875,1.0
